{
    "model": "Hello world",
    "id": 0,
    "score": 88.28161288182079,
    "configurations": {
        "Method": 0,
        "NumberOfFeatures": 16,
        "NumberOfLayers": 4,
        "NumberOfEpochs": 1000000,
        "LearningRate": 0.005,
        "Layers": {
            "layer@1": {
                "Name": "Layer 1",
                "NumberOfNodes": 8,
                "Weight": [
                    [
                        -1.9073759202043385,
                        0.037486305701285694,
                        0.09222534768921774,
                        -1.2661738899095112,
                        -3.4486553949466217,
                        -5.931401576906256,
                        1.273480175402777,
                        -0.07497278160518578,
                        -2.080850818274564,
                        -3.6752326184936543,
                        -1.0915672738817872,
                        -5.57264712413496,
                        3.9451859712436534,
                        -7.362043254182348,
                        -2.090357382772142,
                        -6.01494005332712
                    ],
                    [
                        -4.859018037526717,
                        0.5843754414793004,
                        1.1361101368681694,
                        -0.3523187046021546,
                        -0.8162083294527068,
                        1.7079526409279646,
                        0.495682136326415,
                        0.30268081184677903,
                        0.5277181055388654,
                        1.2205780210152128,
                        -3.198837172101299,
                        -10.075670342504093,
                        5.55415649800275,
                        -3.8714554896243807,
                        -0.3745261917544391,
                        14.971885154246664
                    ],
                    [
                        -1.0712842656459365,
                        0.22474626966273212,
                        -0.6892327342307092,
                        0.8521310068038277,
                        10.49127015445644,
                        -2.6373608523780017,
                        2.9754734763173714,
                        0.6238997633833167,
                        13.092064544329572,
                        4.443492841623364,
                        -13.006996493221672,
                        -11.868321495073664,
                        7.6770834247486786,
                        6.896324945562693,
                        0.7414532068723206,
                        -9.092453696606404
                    ],
                    [
                        0.00042556679886402376,
                        0.008165903072541279,
                        0.05788517933507314,
                        -0.06637766288029859,
                        -0.8666521969751426,
                        -1.0329577233990428,
                        -0.08490582425179531,
                        -0.010356265964757328,
                        0.8483056506996888,
                        1.0644275192129102,
                        -6.30327493048897,
                        21.3504296061313,
                        -4.088712369960118,
                        0.4641139267926241,
                        -2.8139936350090173,
                        -0.5023834017163687
                    ],
                    [
                        -0.6987698692239592,
                        -0.3436034093988331,
                        -0.1621569804561165,
                        0.37197935798733317,
                        2.5403300633139434,
                        3.823643019263373,
                        11.955097522803111,
                        0.24150587270006524,
                        7.091238163077562,
                        1.4734777795336103,
                        -34.79306403359644,
                        -7.863982420020977,
                        -5.597222657338126,
                        2.621462597688477,
                        -0.9425276341913582,
                        2.8644792749377324
                    ],
                    [
                        -0.6248914066276618,
                        -0.04158250414097552,
                        -0.11301541887631628,
                        -0.09107156123606039,
                        0.1823329972666925,
                        1.3519067441687351,
                        0.038422169737896965,
                        -0.3017338746509767,
                        -0.5382855903089128,
                        -2.7844013974864987,
                        -7.301678248426003,
                        -10.376535090556645,
                        3.3413704179551695,
                        -4.380912285110143,
                        -1.4961598715841384,
                        -1.2276677044541875
                    ],
                    [
                        -0.7900934753015115,
                        -0.3019688658272955,
                        0.10808137810266409,
                        -0.7802047029636672,
                        5.429769138576401,
                        -1.012767075652459,
                        -5.907762912106753,
                        0.46503745599819307,
                        2.1912124131685067,
                        1.97640210950497,
                        -17.860448013658928,
                        -5.786875131261921,
                        -2.3694885702977317,
                        -2.1329221144645905,
                        -2.635443518164749,
                        1.5851679208098526
                    ],
                    [
                        5.24878341369145,
                        -0.12077888987888014,
                        -0.38100128728713906,
                        -0.1239922376049172,
                        -0.2832831991701219,
                        -1.7020668463553925,
                        0.5410716219821775,
                        0.6956522971832901,
                        0.40129120366203574,
                        1.3377763385284411,
                        -1.9206492870260183,
                        -21.900011809917018,
                        -3.0096505865397414,
                        9.651953443745295,
                        -4.571208646621092,
                        3.345346047441185
                    ]
                ],
                "Bias": [
                    [
                        8.61762477442238
                    ],
                    [
                        -10.600746642282987
                    ],
                    [
                        7.2698054315926575
                    ],
                    [
                        2.2714060305321633
                    ],
                    [
                        0.6872247631123602
                    ],
                    [
                        7.742537549515307
                    ],
                    [
                        7.948979203276225
                    ],
                    [
                        -0.5355129206448512
                    ]
                ]
            },
            "layer@2": {
                "Name": "Layer 2",
                "NumberOfNodes": 8,